iso3,year,Under-5 mortality rate,DPT immunization (ages 12-23 months),Measles immunization (ages 12-23 months),Malaria incidence,Maternal mortality ratio,Health expenditure per capita,Infant mortality rate,Life expectancy at birth
AGO,2000,185,31,41,326.54,659,13.15998554,108.3,46.501
AGO,2001,176.3,42,72,330.8,629,29.26095772,103.8,47.032
AGO,2002,166.4,47,74,315.7,602,29.37077141,98.4,47.874
AGO,2003,155.5,46,62,319.29,538,35.2206955,92.5,50.218
AGO,2004,143.7,47,64,312.65,499,50.23310852,85.8,51.123
AGO,2005,131.5,47,45,313.87,462,54.66142273,78.9,52.13
AGO,2006,119.8,44,48,299.9,437,70.28185272,72.2,52.965
AGO,2007,109,43,58,269.53,401,93.42698669,66,54.2
AGO,2008,99.2,45,58,228.06,372,136.34094238,60.3,55.281
AGO,2009,90.7,47,58,193.51,348,120.5289917,55.4,56.225
AGO,2010,83.4,49,59,170.36,321,96.95197296,51.1,57.242
AGO,2011,77.2,50,59,157.06,301,122.11888123,47.6,58.093
AGO,2012,72,52,59,153.05,278,121.84848022,44.6,58.916
AGO,2013,67.9,54,59,158.1,267,142.78450012,42.2,59.705
AGO,2014,64.5,55,56,163.86,262,130.5861969,40.3,60.396
AGO,2015,61.8,57,52,174.47,249,107.52857208,38.8,61.042
AGO,2016,59.6,59,49,189.78,236,94.01481628,37.6,61.619
AGO,2017,57.9,58,47,215.31,220,112.75364685,36.7,62.122
AGO,2018,56.5,67,56,232.44,208,83.87555695,36,62.622
AGO,2019,55.3,64,59,243.1,202,64.4466095,35.5,63.051
AGO,2020,54.2,59,54,244.53,195,56.01641846,34.9,63.116
AGO,2021,53.2,55,48,258.61,211,66.94487,34.4,62.958
AGO,2022,51.9,54,50,260.09,185,103.94506073,33.7,64.246
BDI,2000,152.4,80,72,427.48,860,5.67927122,88.4,47.617
BDI,2001,147.5,81,73,416.12,799,7.50815582,86.1,48.509
BDI,2002,142.3,81,75,388.13,743,6.46998882,83.5,49.924
BDI,2003,136.6,82,76,343.45,705,5.87316799,80.6,50.997
BDI,2004,130.4,83,78,295.97,687,8.88248062,77.4,52.217
BDI,2005,123.7,87,87,284.48,685,11.13118172,73.8,53.053
BDI,2006,116.6,92,92,287.78,670,14.10514736,69.9,53.962
BDI,2007,109.5,99,88,287.94,655,15.26294613,66,54.832
BDI,2008,102.6,92,84,288.77,635,14.67025566,62.1,55.581
BDI,2009,96.1,94,91,281.56,612,18.31996346,58.4,56.422
BDI,2010,90.2,96,92,259.34,614,24.45114708,55.1,57.088
BDI,2011,84.7,96,93,245.35,597,23.16802216,52,57.804
BDI,2012,79.6,96,93,232.24,575,20.01195908,49.1,58.501
BDI,2013,74.9,96,98,234.96,555,20.26322556,46.4,59.179
BDI,2014,70.6,95,94,250.86,533,18.06601143,43.9,59.764
BDI,2015,66.9,94,93,285,525,17.67629051,41.8,60.107
BDI,2016,63.7,94,93,321.3,501,18.59472847,40,60.789
BDI,2017,60.9,91,90,346.29,482,19.16676521,38.4,61.345
BDI,2018,58.5,90,88,350.82,464,18.67819214,37,61.806
BDI,2019,56.2,93,92,345.28,449,22.2435379,35.7,62.18
BDI,2020,54.3,93,90,345.14,441,26.21934319,34.6,62.569
BDI,2021,52.3,94,90,349.97,447,23.11420059,33.5,62.101
BDI,2022,50.3,91,89,342.31,412,25.52155113,32.4,62.882
BEN,2000,135,78,70,416,529,14.42371464,79.7,56.594
BEN,2001,131.7,76,68,434.27,532,16.26979828,77.8,56.654
BEN,2002,128.5,75,66,453.46,534,16.9179287,76,56.851
BEN,2003,125.4,73,65,473.3,532,21.06955719,74.3,57.092
BEN,2004,122.5,72,63,495.55,531,24.52665329,72.6,57.346
BEN,2005,119.7,70,61,510.17,514,25.12485313,71,57.738
BEN,2006,117,74,66,508.93,509,26.60264206,69.4,57.966
BEN,2007,114.4,82,70,496.75,501,26.79680061,67.9,58.249
BEN,2008,112,75,66,473.51,563,28.12486076,66.5,58.099
BEN,2009,109.7,79,71,448.56,598,29.69425583,65.1,58.258
BEN,2010,107.4,76,68,417.07,607,29.37720871,63.8,58.387
BEN,2011,105.1,75,70,382.99,613,31.76816368,62.4,58.462
BEN,2012,102.9,80,74,365.18,618,32.95616913,61.1,58.559
BEN,2013,100.6,77,68,362.14,607,33.53426743,59.8,58.863
BEN,2014,98.4,74,65,369.11,605,32.41182327,58.4,59.008
BEN,2015,96.1,74,67,390.76,606,27.34733391,57,59.123
BEN,2016,94,78,68,415.92,604,36.58565903,55.8,59.283
BEN,2017,91.8,76,65,415.74,592,38.75862122,54.4,59.528
BEN,2018,89.4,74,61,407.71,585,39.54786301,53.1,59.71
BEN,2019,87,72,58,399.91,572,33.9457283,51.8,59.888
BEN,2020,84.6,70,54,377.01,578,36.62052536,50.4,60.154
BEN,2021,82.2,70,53,378.2,584,38.45053101,49.1,59.61
BEN,2022,79.6,69,52,376.6,547,37.76291275,47.8,60.475
BFA,2000,176,45,48,597.17,524,10.00902748,92.4,50.808
BFA,2001,171.9,62,63,597.54,513,10.27519512,90.4,51.188
BFA,2002,167.3,69,64,592.47,508,11.93992615,88.2,51.447
BFA,2003,162.3,79,76,582.14,495,16.02656555,85.8,51.959
BFA,2004,156.8,79,78,559.01,481,21.12279129,83.1,52.6
BFA,2005,150.8,82,84,528.52,467,21.34285545,80.2,53.271
BFA,2006,144.4,86,88,511.16,463,23.55202866,77.1,53.784
BFA,2007,138.1,89,94,519.27,453,29.72483063,74.1,54.377
BFA,2008,132.1,93,94,549.65,429,30.76880074,71.2,55.199
BFA,2009,126.5,92,94,568.59,419,31.26260567,68.5,55.791
BFA,2010,121.3,91,92,568.37,404,33.05819321,66,56.343
BFA,2011,116.6,91,89,554.68,388,33.70409393,63.8,57.001
BFA,2012,112.3,90,87,533.39,376,33.66717529,61.7,57.457
BFA,2013,108.2,88,82,487.14,361,42.26796341,59.8,57.903
BFA,2014,104.3,91,88,446.14,344,38.24516678,58,58.331
BFA,2015,100.8,91,88,417.95,328,32.3375206,56.3,58.778
BFA,2016,97.4,91,88,373.17,313,39.50990677,54.7,59.173
BFA,2017,94.1,91,88,356.56,298,43.37775803,53.1,59.578
BFA,2018,91,91,88,356.23,286,38.48573303,51.7,59.972
BFA,2019,88.1,91,88,356.49,274,41.06895828,50.2,60.184
BFA,2020,85.1,91,88,378.17,334,57.17589188,48.7,60.454
BFA,2021,82.4,91,88,378.58,354,63.59171295,47.4,60.046
BFA,2022,79.8,91,88,356.27,316,64.38339996,46.1,60.7
BWA,2000,79.8,97,91,17.23,136,206.93144226,39.4,52.263
BWA,2001,79.3,97,91,6.79,138,203.01203918,39,52.21
BWA,2002,77.9,97,92,3.17,140,206.11392212,39.7,52.373
BWA,2003,76.7,96,92,1.58,142,269.58544922,41.4,52.851
BWA,2004,75.7,96,93,1.02,151,297.2512207,44,53.573
BWA,2005,70.8,96,93,1.2,166,281.38796997,43.6,54.386
BWA,2006,66,96,94,3.86,204,258.01873779,45.8,55.112
BWA,2007,64.3,96,95,1.02,201,305.22042847,50.3,56.735
BWA,2008,63.7,96,95,1.9,199,324.54284668,52.8,57.661
BWA,2009,60.6,96,96,2.06,213,336.53146362,52.5,58.297
BWA,2010,58.4,95,96,1.65,228,389.55178833,53.3,59.137
BWA,2011,58.8,95,97,0.5,269,427.70709229,54.3,59.715
BWA,2012,53.9,95,97,0.22,288,418.82244873,49.5,60.384
BWA,2013,50.3,95,97,0.51,221,433.29150391,47,61.217
BWA,2014,49,95,97,1.44,212,418.82452393,46.2,62.167
BWA,2015,46.7,95,97,0.31,141,374.79058838,44.2,63.215
BWA,2016,45.1,95,97,0.67,72,389.3107605,42.8,64.32
BWA,2017,42.1,95,97,1.96,46,471.05056763,40,65.42
BWA,2018,41.2,95,97,0.53,99,447.4473877,38.7,66.371
BWA,2019,40,95,97,0.17,100,438.28546143,37.4,67.167
BWA,2020,38.9,95,87,1.13,98,386.28860474,36.5,67.643
BWA,2021,37.1,95,97,0.67,165,492.14276123,35.4,63.303
BWA,2022,35.7,86,90,0.34,120,477.77633667,34.3,68.749
CAF,2000,165.5,37,36,438.12,1490,9.9123354,99.6,46.609
CAF,2001,162.5,40,35,438.51,1504,9.20995235,97.9,46.734
CAF,2002,159,44,42,447.85,1496,10.44132614,96.1,46.84
CAF,2003,155.6,47,49,455.24,1487,12.15000153,94.3,47.306
CAF,2004,151.8,51,55,461.27,1450,12.96809387,92.2,47.696
CAF,2005,147.9,54,62,465.26,1389,13.93517494,90,48.207
CAF,2006,143.5,51,61,467.93,1337,15.15495491,87.4,48.687
CAF,2007,139.3,48,59,467.59,1271,18.24629021,85.3,49.327
CAF,2008,135.5,45,58,465.74,1234,18.02888489,83.4,49.873
CAF,2009,489.3,42,56,463.55,1272,21.37773895,239.9,14.665
CAF,2010,150.7,45,53,453.11,1230,17.01008034,88.5,46.871
CAF,2011,125.1,47,49,443.04,1131,19.62990761,77.7,50.107
CAF,2012,121.9,47,48,434.79,1092,21.33021736,76.1,51.336
CAF,2013,134.2,23,25,427.32,1092,17.36794472,81,49.487
CAF,2014,186.8,45,47,420.39,1034,18.7120266,101.7,40.265
CAF,2015,113.7,43,46,410.31,981,18.44194221,72,51.934
CAF,2016,126.8,42,45,395.97,962,21.07796097,77.1,50.999
CAF,2017,155.2,42,41,387.44,1093,28.81619644,88.4,45.231
CAF,2018,120.2,40,39,385.26,881,51.3541069,73.9,52.297
CAF,2019,254.7,38,37,383.29,1650,35.76099014,128.9,31.53
CAF,2020,124.2,37,36,376.08,1296,42.63476563,74.7,50.596
CAF,2021,178.7,35,34,364.25,1127,46.25038147,96.3,40.279
CAF,2022,424.6,33,32,354.5,841,47.91523361,206.8,18.818
CIV,2000,140.4,65,68,490.52,378,30.33073425,91.4,51.393
CIV,2001,136.9,66,71,502.24,405,30.58369255,89.3,51.428
CIV,2002,133.1,65,71,506.32,427,32.55319595,87.1,51.544
CIV,2003,129.2,62,70,509.61,451,43.81231308,84.8,51.443
CIV,2004,125.3,68,78,500.36,456,47.04700851,82.5,51.939
CIV,2005,121.2,77,84,466.34,492,46.69436264,80,52.432
CIV,2006,117.4,77,73,425.61,544,47.08904266,77.8,52.885
CIV,2007,113.5,76,67,391.51,567,56.15083694,75.3,53.452
CIV,2008,109,74,63,392.97,562,64.67678833,72.6,54.179
CIV,2009,105.2,81,67,426.16,588,71.06480408,70.5,54.744
CIV,2010,101.6,78,64,458.12,592,70.04605103,68.4,55.282
CIV,2011,98.4,61,49,461.58,569,67.97618103,66.6,55.972
CIV,2012,95.3,82,74,375.19,566,69.86203003,64.5,56.57
CIV,2013,92,75,70,287.39,544,67.13149261,62.4,57.057
CIV,2014,88.6,73,59,243.25,522,74.3581543,60.3,57.772
CIV,2015,85.5,79,67,242.12,505,58.43181992,58.4,58.281
CIV,2016,83,87,73,258.1,488,61.85705566,56.9,58.814
CIV,2017,80.5,83,70,268.54,465,63.77943039,55.2,59.315
CIV,2018,77.9,83,74,280.22,449,65.87952423,53.5,59.795
CIV,2019,75.3,79,71,292.76,429,68.30471039,51.8,60.274
CIV,2020,73,72,63,295.66,447,78.97766876,50.3,60.14
CIV,2021,70.8,73,65,283.64,459,92.39588928,48.7,60.29
CIV,2022,68.7,73,62,280.87,409,84.89915466,47.4,61.562
CMR,2000,143.9,62,49,394.85,678,30.438097,83.1,53.338
CMR,2001,141,63,51,426.29,672,29.82297325,81.2,53.598
CMR,2002,137.6,66,53,437.17,658,31.79577446,79.1,53.922
CMR,2003,134.3,73,61,441.4,645,38.56394196,77.2,54.253
CMR,2004,130.9,73,64,438.73,633,42.25278473,75.2,54.578
CMR,2005,127.6,80,68,435.58,629,43.10830688,73.5,54.904
CMR,2006,124.2,81,73,425.95,615,44.52022934,71.6,55.301
CMR,2007,120.8,82,74,409.95,605,50.30911255,69.9,55.71
CMR,2008,117.2,84,80,391.63,592,54.58909225,68,56.116
CMR,2009,113.7,80,74,351.15,579,51.14823914,66.3,56.486
CMR,2010,109.5,84,79,295.67,562,50.03335571,63.9,56.965
CMR,2011,105.2,81,76,266.6,541,58.33031845,61.8,57.482
CMR,2012,100.8,79,74,261.14,500,56.96441269,59.6,58.17
CMR,2013,96.5,76,71,271.1,469,57.22771454,57.3,58.73
CMR,2014,92.4,76,71,272.51,440,71.61038208,55.3,59.13
CMR,2015,88.5,76,71,271.06,417,58.38298035,53.3,59.687
CMR,2016,85.1,78,72,268.53,393,57.99372482,51.4,60.293
CMR,2017,81.9,74,67,258.98,372,56.7457695,49.6,60.817
CMR,2018,78.9,68,61,248.98,354,58.32909393,48,61.189
CMR,2019,76.6,67,61,243.44,336,56.79493713,46.9,61.695
CMR,2020,74.4,68,63,264.81,316,66.17185211,45.5,61.674
CMR,2021,71.9,71,65,270.65,342,72.59731293,44.1,61.146
CMR,2022,69.4,71,68,265.03,276,72.12950897,42.7,62.443
COD,2000,184.6,30,26,458.24,585,17.52071953,105,51.887
COD,2001,178.4,30,34,457.6,588,5.4341011,101.8,52.205
COD,2002,172.2,38,41,460.7,601,4.17578602,98.5,52.371
COD,2003,165.9,42,48,467.36,605,6.03257608,95.2,52.952
COD,2004,159.4,54,57,467.62,607,7.83304834,91.7,53.534
COD,2005,124.4,61,61,468.33,613,8.55065727,72,54.001
COD,2006,118.9,62,63,464.8,619,10.37645721,69,54.498
COD,2007,113.8,65,64,448.32,631,11.5629034,66.2,54.954
COD,2008,109.2,68,64,429.83,620,15.36659527,63.7,55.388
COD,2009,105,71,65,405.23,608,12.75762081,61.4,55.798
COD,2010,101.4,60,66,381.32,601,12.1423111,59.5,56.411
COD,2011,98.3,70,66,360.23,589,11.89942932,57.9,56.911
COD,2012,95.9,71,69,335.8,578,13.20595551,56.7,57.35
COD,2013,94.1,71,68,310.49,567,15.37901688,55.8,57.795
COD,2014,92.7,73,69,297.36,558,18.22281265,55.3,58.236
COD,2015,91.9,70,65,303.04,545,18.57252884,55.1,58.658
COD,2016,91.5,70,63,310.28,526,19.3114109,55.1,59.081
COD,2017,91.5,71,65,324.07,519,18.14648819,55.4,59.495
COD,2018,91.7,71,64,337.42,508,17.29077148,55.8,59.926
COD,2019,92.2,73,65,339.77,493,19.20812035,56.5,60.242
COD,2020,92.7,70,62,338.92,489,20.5593071,57.2,60.428
COD,2021,92.9,65,55,338.04,507,21.58848572,57.6,60.044
COD,2022,92.5,65,56,327.94,456,24.3800106,57.6,60.979
COG,2000,112.5,33,34,349.6,509,17.35089302,73,55.371
COG,2001,109.3,31,35,349.06,489,20.303905489999998,71.1,55.885
COG,2002,104.6,41,37,327.04,464,16.99031258,68.2,56.414
COG,2003,98.9,50,50,327.91,436,21.51475716,64.6,57.131
COG,2004,92.3,67,65,325.79,400,27.50056839,60.3,57.957
COG,2005,85.7,63,54,309.02,385,30.90304375,56.1,58.73
COG,2006,79.5,74,61,286.84,394,35.94208145,52.1,59.474
COG,2007,73.9,73,59,254.97,370,41.96711731,48.5,60.05
COG,2008,69.2,80,69,226.41,395,63.41820908,45.5,60.79
COG,2009,65.3,80,63,214.45,414,48.65313721,43.1,61.215
COG,2010,62.4,76,75,214.44,382,54.56225586,41.2,61.731
COG,2011,60,83,83,215.68,378,59.51348114,39.7,62.286
COG,2012,57.9,85,80,215.9,374,71.2766571,38.5,62.662
COG,2013,56.2,85,80,218.19,320,71.85824585,37.4,62.969
COG,2014,54.5,90,80,213.06,302,71.03118896,36.4,63.349
COG,2015,52.7,80,80,210.62,284,57.30290604,35.3,63.662
COG,2016,51,71,67,215.75,263,54.3000145,34.2,63.911
COG,2017,49.3,69,70,235.9,262,52.29982376,33.2,64.203
COG,2018,47.6,75,75,249.77,259,47.310215,32.2,64.472
COG,2019,52.2,79,73,245.94,245,58.42106628,33.2,63.152
COG,2020,44.5,73,68,240.84,247,80.09735107,30.3,64.391
COG,2021,43,77,68,232.02,301,78.60149384,29.4,64.192
COG,2022,41.5,78,65,220.52,241,53.11892319,28.5,65
COM,2000,79.9,70,70,66.37,476,47.59479904,65.2,58.941
COM,2001,76.8,70,70,65.07,440,45.34629059,63,59.587
COM,2002,73.8,89,71,63.81,428,51.12159729,60.9,59.723
COM,2003,71,80,67,62.56,400,63.91786194,58.9,60.24
COM,2004,68.3,76,76,61.31,385,70.61806488,56.9,60.557
COM,2005,65.8,68,67,60.09,373,67.80059814,55.1,60.883
COM,2006,63.4,69,66,58.91,360,65.72916412,53.3,61.229
COM,2007,61.2,75,65,57.75,352,69.87202454,51.7,61.475
COM,2008,59.2,81,76,56.61,334,73.75498962,50.2,61.955
COM,2009,57.3,83,79,55.49,320,69.4848938,48.9,62.302
COM,2010,55.6,74,72,55.8,305,69.21523285,47.6,62.747
COM,2011,54,83,79,37.21,291,81.19863892,46.4,63.105
COM,2012,52.5,86,85,73.12,274,77.10220337,45.4,63.463
COM,2013,51.2,83,82,76.35,260,81.81765747,44.4,63.839
COM,2014,50,80,80,3.1,247,84.63935852,43.6,64.143
COM,2015,48.9,80,81,2.59,237,61.16300201,42.8,64.473
COM,2016,47.9,75,77,1.98,225,63.53099442,42,64.792
COM,2017,46.9,79,75,5.15,219,75.01337433,41.3,65.127
COM,2018,45.8,77,74,19.68,209,74.89152527,40.6,65.401
COM,2019,44.8,78,76,22.37,202,78.23674774,39.8,65.662
COM,2020,43.7,74,75,5.67,198,89.67817688,38.9,65.756
COM,2021,42.6,72,68,12.88,215,100.50016785,38,65.201
COM,2022,41.4,78,71,24.78,186,124.14363861,37,66.481
CPV,2000,36,90,86,1.22,110,59.54011154,29.4,68.117
CPV,2001,32.8,90,88,0.89,101,63.55782318,27,68.707
CPV,2002,30.5,91,89,0.63,92,69.12203979,25.3,69.447
CPV,2003,29,92,90,0.55,86,84.6628952,24.3,70.006
CPV,2004,28.2,93,91,0.36,80,93.43228912,23.9,70.499
CPV,2005,28,95,93,0.54,75,96.08917999,23.9,70.936
CPV,2006,28,96,94,0.63,76,113.13097382,24.1,71.341
CPV,2007,28.1,98,96,0.14,73,127.73626709,24.4,71.487
CPV,2008,27.9,99,97,0.27,68,127.79390717,24.5,71.888
CPV,2009,27.5,99,97,0.49,62,130.23704529,24.3,72.142
CPV,2010,26.7,99,97,0.35,61,146.07247925,23.8,72.507
CPV,2011,25.6,90,96,0.05,55,157.08999634,23,72.913
CPV,2012,24.2,94,91,0.01,51,174.66062927,21.9,73.315
CPV,2013,22.6,93,91,0.17,50,191.1048584,20.5,73.481
CPV,2014,20.9,95,93,0.2,48,193.39482117,19.1,73.788
CPV,2015,19.2,93,92,0.05,46,150.28823853,17.6,74.096
CPV,2016,17.6,96,93,0.37,44,157.39906311,16.2,74.35
CPV,2017,16.2,96,96,3.17,43,174.43547058,15.1,74.71
CPV,2018,15.1,98,99,0.01,43,205.5345459,14.1,74.84
CPV,2019,14.1,96,98,0,41,211.24963379,13.2,75.449
CPV,2020,13.3,93,95,0,56,249.71989441,12.5,73.818
CPV,2021,12.7,93,95,0,56,262.42272949,12,74.424
CPV,2022,12.1,93,95,0,42,297.08233643,11.5,75.907
DZA,2000,41.7,86,80,0.02,123,61.85785294,34.8,70.576
DZA,2001,40.2,89,83,0,113,67.05859375,33.7,71.025
DZA,2002,38.6,86,81,0.01,102,66.681633,32.5,71.644
DZA,2003,37,87,84,0,101,75.9513092,31.3,71.906
DZA,2004,35.4,86,81,0,91,92.6876297,30.1,72.536
DZA,2005,33.9,88,83,0,87,100.83694458,29,72.836
DZA,2006,32.5,95,91,0,84,116.7750473,27.9,73.116
DZA,2007,31.2,95,92,0.01,83,150.86651611,26.9,73.346
DZA,2008,30.1,93,88,0,83,206.37207031,25.9,73.618
DZA,2009,29,95,92,0,83,207.20181274,25.1,73.871
DZA,2010,28.1,95,95,0,82,227.95396423,24.4,74.144
DZA,2011,27.3,95,95,0,81,285.5020752,23.8,74.383
DZA,2012,26.6,95,95,0.02,81,340.09176636,23.2,74.609
DZA,2013,25.9,95,95,0,81,337.57348633,22.7,74.809
DZA,2014,25.4,95,95,0,80,366.58615112,22.3,74.992
DZA,2015,24.9,95,95,0,79,296.76834106,21.9,75.159
DZA,2016,24.5,91,94,0,79,265.53491211,21.6,75.31
DZA,2017,24,91,88,0,77,270.93231201,21.3,75.431
DZA,2018,23.7,91,80,0,75,271.53808594,21,75.555
DZA,2019,23.3,88,80,0,73,242.07049561,20.7,75.682
DZA,2020,22.9,84,80,0,97,211.07240295,20.4,73.257
DZA,2021,22.6,81,79,0,79,208.93911743,20.2,75.208
DZA,2022,22.3,77,79,0,64,180.33454895,20,76.129
EGY,2000,47.3,98,98,0,53,69.37174988,40.1,67.332
EGY,2001,44.8,99,97,0,50,68.67334747,38.2,67.612
EGY,2002,42.5,97,97,0,48,63.99928665,36.5,67.846
EGY,2003,40.4,98,98,0,45,50.34780884,34.9,68.045
EGY,2004,38.6,97,97,0,43,50.33084488,33.5,68.211
EGY,2005,37,98,98,0,41,59.4683876,32.3,68.355
EGY,2006,35.6,98,98,0,40,66.32707214,31.1,68.493
EGY,2007,34.2,98,97,0,38,73.29454041,30.1,68.627
EGY,2008,32.8,97,92,0,36,90.15769958,29,68.761
EGY,2009,31.6,97,95,0,34,98.90396881,28.1,68.915
EGY,2010,30.5,97,96,0,32,105.07817841,27.2,69.078
EGY,2011,29.5,96,96,0,31,116.22949219,26.4,69.232
EGY,2012,28.6,93,93,0,29,139.81625366,25.7,69.464
EGY,2013,27.8,97,96,0,27,139.67245483,25.1,69.632
EGY,2014,27.1,94,93,0,26,155.06480408,24.5,69.911
EGY,2015,26.5,93,92,0,24,170.25532532,24.1,70.135
EGY,2016,26,95,95,0,23,142.61845398,23.7,70.437
EGY,2017,25.6,94,94,0,21,106.00288391,23.4,70.709
EGY,2018,25.2,95,94,0,20,118.01481628,23.1,70.974
EGY,2019,24.8,95,95,0,19,142.69670105,22.9,71.213
EGY,2020,24.4,94,94,0,31,148.35269165,22.6,69.79
EGY,2021,24,96,96,0,42,176.93664551,22.2,68.976
EGY,2022,23.5,97,96,0,24,171.67852783,21.8,71.01
ERI,2000,85.3,81,76,19,741,14.03034782,50.8,56.285
ERI,2001,81.1,86,84,23.56,651,14.90675831,49.1,58.359
ERI,2002,77.3,90,83,13.72,636,15.77544498,47.4,58.941
ERI,2003,73.8,93,92,19.84,588,19.81480217,45.9,59.455
ERI,2004,70.5,98,96,5.81,588,23.15624809,44.5,60.063
ERI,2005,67.5,96,95,10.4,567,21.92651939,43.2,60.628
ERI,2006,64.7,94,94,6.08,555,23.77408791,42,61.457
ERI,2007,62,95,92,13.69,541,19.62666321,40.8,61.998
ERI,2008,59.6,95,91,7.37,530,21.55065727,39.7,62.422
ERI,2009,57.3,95,93,9.58,515,24.35102463,38.5,63.203
ERI,2010,55.2,95,95,28.34,498,26.00652122,37.5,63.665
ERI,2011,53.3,94,96,25.57,478,35.55129623,36.4,64.231
ERI,2012,51.4,94,98,17.28,458,27.78689003,35.4,64.697
ERI,2013,49.7,94,94,16.04,443,31.64078712,34.4,65.005
ERI,2014,48.1,94,90,35.44,430,32.93448257,33.4,65.517
ERI,2015,46.4,95,97,20.61,413,29.22208977,32.4,65.909
ERI,2016,44.7,95,95,27.7,395,26.00592422,31.3,66.242
ERI,2017,43.3,95,93,36.8,379,25.10270691,30.5,66.612
ERI,2018,41.9,95,93,31.23,363,26.68201256,29.6,66.979
ERI,2019,40.5,95,93,61.84,351,28.42930794,28.7,67.306
ERI,2020,39.1,95,93,48.28,334,27.66697884,27.8,66.98
ERI,2021,37.8,95,93,27.74,338,27.58759499,27,66.94
ERI,2022,36.6,95,93,40.89,301,27.0898056,26.2,67.789
ETH,2000,140.1,30,28,189.18,870,5.28970861,92.3,50.88
ETH,2001,133.8,32,29,210.9,856,5.50955105,88.9,51.428
ETH,2002,127.4,35,32,193.55,826,5.14964151,85.3,52.085
ETH,2003,121,37,33,208.94,797,5.70984173,81.7,52.877
ETH,2004,114.6,39,35,217.88,764,5.7385993,78,53.735
ETH,2005,108.3,43,40,149.48,754,6.4820013,74.4,54.364
ETH,2006,102.4,46,44,138.01,729,8.42413712,70.9,55.402
ETH,2007,96.9,50,49,116.37,704,11.63210678,67.7,56.566
ETH,2008,91.8,54,54,96.3,678,13.03863621,64.7,57.733
ETH,2009,87.1,58,59,133.79,649,15.1445961,61.8,58.715
ETH,2010,82.7,61,64,153.84,619,16.17102051,59.2,59.709
ETH,2011,78.6,65,68,143.7,588,14.62286568,56.8,60.595
ETH,2012,74.8,61,62,159.67,545,20.00217628,54.4,61.443
ETH,2013,71.2,59,55,184.1,494,19.26698494,52.2,62.161
ETH,2014,67.7,61,54,144.07,444,21.6064415,50,62.927
ETH,2015,64.4,62,56,130.06,401,23.21817207,47.9,63.592
ETH,2016,61.3,64,57,92.89,364,24.34373283,45.9,64.162
ETH,2017,58.4,65,59,70.71,327,24.18239403,44,64.766
ETH,2018,55.8,62,54,36.46,297,23.5205574,42.3,65.257
ETH,2019,53.6,61,56,33.61,269,25.93511963,40.8,65.741
ETH,2020,51.5,62,57,52.28,244,28.28001595,39.4,65.969
ETH,2021,70.4,63,60,45.56,250,26.06931114,49.9,65.33
ETH,2022,68.1,63,62,59.89,207,27.06845474,48.3,66.897
GAB,2000,73.3,45,55,364.66,178,123.197258,50.7,61.81
GAB,2001,71.5,45,55,353.69,160,120.90242767,49.4,61.982
GAB,2002,69.6,45,55,323.31,151,132.07215881,48.1,62.175
GAB,2003,67.7,45,55,259.04,134,166.59495544,46.8,62.463
GAB,2004,65.6,45,55,196.66,142,183.92318726,45.5,62.694
GAB,2005,63.6,45,55,158.04,175,188.91426086,44.3,62.978
GAB,2006,61.8,45,55,131.79,186,211.9914093,43.2,63.259
GAB,2007,59.7,81,62,121.2,173,246.78276062,41.9,63.619
GAB,2008,57.6,82,67,124.41,158,275.89450073,40.8,64.011
GAB,2009,55.6,76,63,147.03,158,277.62945557,40,64.361
GAB,2010,53.4,67,62,177.88,144,206.87702942,38.8,64.715
GAB,2011,51.3,75,72,195.4,149,261.37597656,37.5,65.102
GAB,2012,49.4,82,71,200.15,173,225.07722473,36.4,65.438
GAB,2013,47.3,79,70,199.19,235,261.29452515,35.3,65.751
GAB,2014,45.8,70,61,193.87,273,233.05368042,34.7,66.07
GAB,2015,44.4,80,68,185.36,239,187.27270508,33.7,66.336
GAB,2016,42.7,75,64,182.55,215,207.50273132,32.6,66.583
GAB,2017,41.4,75,63,184.66,184,192.47543335,32,66.816
GAB,2018,39.9,70,59,186.73,176,209.28697205,31.1,67.043
GAB,2019,38.5,70,62,190.72,179,205.99945068,30.1,67.337
GAB,2020,36.8,63,53,193.57,194,227.2480011,28.8,67.073
GAB,2021,35.8,75,64,189.19,249,228.46922302,28.5,67.072
GAB,2022,34.7,60,52,188.68,216,243.09941101,27.5,67.713
GHA,2000,99.9,88,90,430.36,472,10.46035767,61.7,58.139
GHA,2001,95.8,79,78,411.18,460,12.15051079,59.7,58.403
GHA,2002,91.9,78,78,392.1,434,14.30371571,57.8,58.709
GHA,2003,88.2,80,80,365.98,410,18.96423721,56.2,59.014
GHA,2004,85,80,83,340.21,403,23.57214928,54.7,59.316
GHA,2005,82,84,83,323.73,390,38.51657486,53.4,59.638
GHA,2006,79.1,84,85,311.34,385,49.34616852,52.1,59.975
GHA,2007,76.2,94,95,305.83,377,57.34096527,50.7,60.282
GHA,2008,73.1,93,86,314.58,380,63.45487595,49.2,60.578
GHA,2009,69.8,94,93,340.42,369,62.44382095,47.5,60.928
GHA,2010,66.5,94,93,366.4,363,80.6833725,45.8,61.297
GHA,2011,63.3,91,91,375.14,356,91.70959473,44,61.617
GHA,2012,60.3,92,89,367.32,351,81.96895599,42.3,61.995
GHA,2013,57.5,90,89,344.33,338,105.34784698,40.7,62.397
GHA,2014,54.9,98,92,313.81,317,78.46701813,39.3,62.832
GHA,2015,52.5,89,89,275.99,310,78.21643066,37.9,63.175
GHA,2016,50.3,93,89,244.92,296,64.86400604,36.6,63.522
GHA,2017,48.2,99,95,226.19,287,54.10602188,35.4,63.829
GHA,2018,46.1,97,92,212.76,276,53.37788773,34.1,64.138
GHA,2019,44.1,97,92,215.27,260,71.14958191,32.9,64.455
GHA,2020,42.2,94,88,219.63,253,97.37677765,31.7,64.309
GHA,2021,40.3,98,94,212.47,264,94.40388489,30.5,64.286
GHA,2022,38.6,99,95,210.79,239,82.32108307,29.4,65.246
GIN,2000,165.7,46,42,415.77,951,22.71741867,97.3,52.42
GIN,2001,159,50,44,414.39,946,21.76875114,93.6,52.669
GIN,2002,152.7,53,46,418.97,916,24.83917809,90.1,53.2
GIN,2003,146.9,57,48,425.18,892,25.60194969,87,53.589
GIN,2004,141.6,60,50,425.36,869,26.41420937,84.1,53.975
GIN,2005,137,59,51,420.24,843,19.66388702,81.7,54.422
GIN,2006,133.1,57,51,404.99,825,16.15967941,79.6,54.875
GIN,2007,129.7,63,57,384.49,802,22.64143372,77.9,55.233
GIN,2008,126.9,60,55,378.78,772,22.97397041,76.6,55.703
GIN,2009,124.4,57,53,393.8,766,23.71565628,75.4,56.052
GIN,2010,122.2,64,58,415.74,750,22.59741783,74.4,56.431
GIN,2011,120.3,63,62,428.78,728,24.12806129,73.6,56.778
GIN,2012,118.4,59,58,431.75,703,23.70012856,72.9,57.117
GIN,2013,116.6,56,55,413.73,682,25.90467834,72.1,57.459
GIN,2014,115.4,52,51,396.69,664,36.63517761,72,57.581
GIN,2015,113.7,48,47,384.39,642,43.41540527,71.2,57.899
GIN,2016,111.4,47,48,366.52,606,38.42609406,69.9,58.49
GIN,2017,109.5,49,48,358.48,582,32.63646317,69,58.715
GIN,2018,107.5,51,49,350.28,560,34.88978195,68.1,59.043
GIN,2019,105.4,53,50,321.2,548,42.16910172,67,59.379
GIN,2020,102.9,54,50,304.94,528,41.1027565,65.7,59.35
GIN,2021,100.3,56,51,294.45,533,44.10476303,64.4,59.373
GIN,2022,97.6,58,51,285.7,500,53.2922287,62.9,60.432
GMB,2000,112.8,80,89,309.72,810,74.83678436,73.3,56.899
GMB,2001,108.1,87,89,301.46,794,55.65046692,70.9,57.283
GMB,2002,103.6,87,90,293.32,772,35.99459839,68.5,57.736
GMB,2003,99.2,87,90,285.25,749,28.3001461,66.1,58.223
GMB,2004,94.9,87,92,277.25,719,32.15613174,63.8,58.749
GMB,2005,90.7,95,91,269.36,707,33.2039566,61.5,59.11
GMB,2006,86.8,95,89,261.65,682,33.41355896,59.4,59.667
GMB,2007,83,95,88,254.15,675,35.91078568,57.3,60.001
GMB,2008,79.4,96,92,246.86,653,40.0297699,55.3,60.473
GMB,2009,76,98,96,239.74,634,34.59326172,53.4,60.735
GMB,2010,72.7,97,92,232.81,632,32.99832535,51.5,61.167
GMB,2011,69.7,96,91,238.87,634,31.05148888,49.8,61.561
GMB,2012,66.8,98,95,256.47,628,29.56409264,48.1,61.9
GMB,2013,64,97,96,204.12,606,25.59075928,46.5,62.252
GMB,2014,61.4,96,96,140.32,561,17.33743477,45,62.576
GMB,2015,58.9,97,97,202.51,527,19.67725563,43.5,62.971
GMB,2016,56.6,95,97,130.07,490,20.77086067,42.1,63.386
GMB,2017,54.3,92,90,63.21,469,21.55331612,40.7,63.708
GMB,2018,52.3,93,91,81.75,450,22.17474365,39.4,64.034
GMB,2019,50.4,88,85,44.76,422,23.21861267,38.2,64.427
GMB,2020,48.6,85,82,83.83,400,28.9169693,37,64.418
GMB,2021,47,82,79,62.48,420,29.77283478,35.9,63.847
GMB,2022,45.3,79,74,95.52,365,29.57811737,34.7,64.859
GNB,2000,174.8,49,71,396.46,1295,13.2785511,100.7,50.565
GNB,2001,169.3,53,72,320.17,1222,13.50725842,97.9,51.054
GNB,2002,163.6,57,73,251.22,1141,14.02086544,94.8,51.608
GNB,2003,157.7,60,74,182.29,1069,14.70093441,91.8,52.186
GNB,2004,151.6,64,75,121.23,980,18.42279816,88.5,52.8
GNB,2005,145.3,68,76,93.26,956,20.99864388,85.1,52.949
GNB,2006,139.1,71,74,78.21,831,22.77665329,81.7,54.089
GNB,2007,132.8,74,73,76.5,792,25.56799126,78.2,54.87
GNB,2008,126.5,77,71,87.5,802,34.26661301,74.7,55.3
GNB,2009,120.2,80,69,106.34,753,26.88874054,71.2,56.297
GNB,2010,114.3,83,76,124.54,698,29.23748016,67.9,56.999
GNB,2011,108.6,86,83,129.31,678,44.72909927,64.6,57.663
GNB,2012,103.6,87,81,126.55,704,37.75499725,61.8,58.27
GNB,2013,99.1,87,81,120.88,707,46.05934143,59.3,58.879
GNB,2014,95.2,86,81,105.73,662,64.99989319,57.1,59.476
GNB,2015,91.6,86,80,89.59,631,52.45866776,55.2,60.071
GNB,2016,88.2,85,80,74.16,617,56.60805511,53.4,60.619
GNB,2017,85.1,79,66,70.21,597,54.8225174,51.7,61.148
GNB,2018,82.2,82,79,71.68,585,58.87445068,50.1,61.652
GNB,2019,79.5,78,79,87.1,598,53.98390961,48.6,62.161
GNB,2020,76.7,74,72,95.17,603,67.88795471,47.2,61.343
GNB,2021,74.3,67,63,98.71,617,70.21189117,45.9,61.653
GNB,2022,72,74,75,97.61,539,68.01049042,44.7,63.605
GNQ,2000,154.5,35,50,334.3,406,20.14153671,106.2,53.395
GNQ,2001,150.2,37,50,331.5,388,29.59247589,103.3,53.827
GNQ,2002,145.9,39,49,325.04,364,74.93979645,100.3,54.324
GNQ,2003,141.5,41,48,332.79,343,86.82926178,97.2,54.791
GNQ,2004,137,43,48,346.23,323,104.54925537,94,55.307
GNQ,2005,132.3,44,47,357.64,312,122.75533295,90.7,55.766
GNQ,2006,127.4,46,47,356.69,299,143.95661926,87.2,56.354
GNQ,2007,122.6,48,46,353.65,289,179.49963379,83.6,56.857
GNQ,2008,118,50,45,332.63,276,225.50572205,80.3,57.384
GNQ,2009,113.5,52,45,303.16,267,248.9617157,77.1,57.881
GNQ,2010,109.4,54,44,288.37,259,237.85783386,74.3,58.344
GNQ,2011,105.6,54,46,290.83,254,265.38485718,71.7,58.827
GNQ,2012,102,54,49,312.77,245,280.90136719,69.3,59.301
GNQ,2013,98.6,53,51,333.66,236,286.33657837,67.1,59.784
GNQ,2014,95.3,53,53,334,227,290.53604126,65,60.228
GNQ,2015,92.1,40,50,333.82,222,222.81713867,62.9,60.635
GNQ,2016,89,53,53,315.21,216,221.49227905,60.9,61.081
GNQ,2017,86.1,56,52,291.23,212,223.4354248,59.1,61.481
GNQ,2018,83.2,59,52,268.08,204,240.49389648,57.2,61.915
GNQ,2019,80.7,62,51,247.4,198,223.14128113,55.7,62.297
GNQ,2020,77.9,64,50,244.3,196,213.59317017,53.9,62.141
GNQ,2021,75.1,67,50,239.58,202,243.81242371,52.2,62.447
GNQ,2022,72.8,70,49,237.56,183,215.32841492,50.7,63.355
KEN,2000,95.2,82,78,220.26,206,21.53400993,63.7,56.084
KEN,2001,90.5,80,77,243.23,188,22.11487579,61.2,56.501
KEN,2002,85.6,84,78,227.55,182,22.28772163,58.3,56.759
KEN,2003,80.8,73,72,220.14,177,25.64012337,55.5,57.369
KEN,2004,76.1,73,73,184.42,177,27.65002823,52.6,57.947
KEN,2005,71.2,76,69,138.92,178,30.9943428,49.5,58.51
KEN,2006,66.8,80,77,125.53,188,40.3040123,47,59.059
KEN,2007,62.9,81,80,94.84,198,49.44605255,45,59.407
KEN,2008,58,88,90,79.78,197,54.35681915,42.6,59.955
KEN,2009,55.2,88,88,77.6,208,55.455616,42.1,60.483
KEN,2010,53.1,90,86,80.27,210,58.8164711,41.5,60.915
KEN,2011,51.7,96,87,82.58,209,57.02286911,41,61.283
KEN,2012,50.7,94,93,84.23,214,64.48231506,41.1,61.537
KEN,2013,49.4,87,94,85.44,206,67.59809875,40.7,61.729
KEN,2014,48.3,92,95,84.43,203,72.84589386,40,61.99
KEN,2015,46.8,89,96,81.8,203,70.94755554,38.9,62.279
KEN,2016,45.5,88,93,77.26,196,73.88768005,38.4,62.526
KEN,2017,44.7,81,84,76.85,186,66.46552277,38.2,62.725
KEN,2018,43.7,91,92,74.15,183,75.27681732,37.5,62.825
KEN,2019,42.7,93,92,71.67,176,85.64528656,37,62.939
KEN,2020,42.1,93,89,85,184,86.5921936,36.5,61.596
KEN,2021,41.3,95,90,88.69,183,94.20249176,36,61.225
KEN,2022,40.5,94,89,82.09,155,91.18416595,35.5,63.549
LBR,2000,194.9,48,63,397.08,786,7.93455124,125.5,51.852
LBR,2001,181.7,44,58,406.05,720,6.46313238,117.5,53.109
LBR,2002,168.6,39,52,415.53,700,6.59576607,109.5,54.061
LBR,2003,156.2,35,47,423.21,759,5.76429653,102,53.045
LBR,2004,144.8,31,41,406.13,645,16.7787571,95,55.949
LBR,2005,134.9,60,62,403.18,619,19.14579582,89,56.765
LBR,2006,126.5,60,63,390.79,647,18.34446335,83.8,57.495
LBR,2007,119.6,65,71,372.68,659,15.8568964,79.8,58.147
LBR,2008,114,75,76,357.06,663,26.30083656,76.5,58.675
LBR,2009,109.5,81,83,342.42,674,40.21982574,73.8,59.106
LBR,2010,105.7,70,65,322.14,712,40.8739624,71.7,59.358
LBR,2011,102.4,77,71,299.38,726,47.58517075,69.9,59.486
LBR,2012,99.5,80,80,266.12,728,46.67208862,68.3,59.785
LBR,2013,97,80,74,260.75,725,48.72935104,67,59.992
LBR,2014,97,63,58,287.7,801,54.82420349,68,59.21
LBR,2015,93.2,65,64,318.13,784,68.89793396,65.1,59.248
LBR,2016,91.5,73,70,348.7,690,67.68016052,64.2,60.483
LBR,2017,90.3,80,75,356.09,703,67.8789978,63.7,60.777
LBR,2018,89.4,81,74,331.58,707,68.88298798,63.4,60.999
LBR,2019,88.7,71,68,300.8,689,51.1932373,63.3,61.232
LBR,2020,88.3,66,61,276.93,664,76.11009979,63.4,61.267
LBR,2021,88,67,58,216.07,667,88.54867554,63.5,61.166
LBR,2022,87.8,79,79,181.79,634,100.49607086,63.6,61.934
LBY,2000,28.1,94,93,NA,71,247.1134491,21.5,70.542
LBY,2001,27.3,94,93,NA,71,255.77108765,20.9,70.653
LBY,2002,26.5,93,91,NA,69,181.7310791,20.3,70.788
LBY,2003,25.5,95,96,NA,68,189.72729492,19.6,70.996
LBY,2004,24.4,97,99,NA,67,200.83604431,18.8,71.21
LBY,2005,23.1,98,97,NA,66,209.878479,17.9,71.439
LBY,2006,21.7,98,98,NA,66,231.11968994,16.8,71.632
LBY,2007,20.2,98,98,NA,67,269.63085938,15.7,71.788
LBY,2008,18.8,98,98,NA,68,312.11196899,14.6,71.936
LBY,2009,17.6,98,98,NA,70,342.20449829,13.7,72.071
LBY,2010,16.6,98,98,NA,71,380.58596802,13,72.196
LBY,2011,19.6,98,98,NA,81,305.20037842,13.9,69.95
LBY,2012,15,98,98,NA,74,592.46356201,11.9,72.188
LBY,2013,14.4,96,96,NA,75,594.65338135,11.4,72.339
LBY,2014,13.8,94,93,NA,77,462.19216919,10.9,71.3
LBY,2015,13.3,97,98,NA,76,433.06808472,10.6,71.644
LBY,2016,12.8,97,97,NA,74,464.47531128,10.2,71.799
LBY,2017,12.4,97,95,NA,69,466.08538818,9.8,72.721
LBY,2018,11.9,73,73,NA,66,544.88079834,9.5,73.151
LBY,2019,11.6,73,73,NA,65,552.73168945,9.2,72.941
LBY,2020,11.2,73,73,NA,71,472.62240601,9,72.388
LBY,2021,10.8,73,73,NA,98,298.84338379,8.7,72.062
LBY,2022,10.4,73,73,NA,60,284.0262146,8.4,74.462
LSO,2000,108.3,84,74,NA,413,23.71122551,74.8,48.783
LSO,2001,110.3,79,70,NA,465,28.22144127,75.5,47.153
LSO,2002,112.1,85,78,NA,484,23.20003891,76.4,45.95
LSO,2003,113.2,90,85,NA,508,32.02215576,77.1,44.921
LSO,2004,113.9,90,84,NA,499,41.18851089,77.8,44.039
LSO,2005,114.6,89,83,NA,549,41.66717911,78.9,43.611
LSO,2006,114.7,89,82,NA,696,49.67809296,79.6,43.182
LSO,2007,111.9,88,81,NA,891,65.80387878,79,43.66
LSO,2008,111.6,88,80,NA,1205,69.06710052,83.9,44.304
LSO,2009,99.1,91,84,NA,1387,80.82315063,77.6,45.055
LSO,2010,90.9,93,88,NA,1311,85.87903595,73.6,46.045
LSO,2011,85.2,96,92,NA,1210,117.67031097,70.9,46.93
LSO,2012,81.4,95,91,NA,1000,125.37831116,71,48.235
LSO,2013,79.3,93,90,NA,855,131.35578918,71.4,49.547
LSO,2014,77.6,88,92,NA,707,121.21549988,70.3,50.786
LSO,2015,75.1,83,93,NA,594,104.59999847,69,51.83
LSO,2016,71.4,87,90,NA,518,91.0127182,68.2,52.908
LSO,2017,70.1,89,89,NA,468,115.43321228,68,53.874
LSO,2018,68.8,90,89,NA,491,130.93614197,65.2,54.638
LSO,2019,68.1,92,90,NA,467,235.94372559,63.5,55.249
LSO,2020,66.3,93,90,NA,529,96.84536743,62.1,55.133
LSO,2021,64,95,90,NA,577,115.81448364,61.1,54.209
LSO,2022,62,92,84,NA,477,133.32562256,59.9,56.812
MAR,2000,52.4,95,93,0,271,54.63968277,45.4,66.794
MAR,2001,50.2,96,96,0,254,56.55395889,43.8,67.2
MAR,2002,48,94,94,0,238,63.57953644,42.1,67.582
MAR,2003,45.8,91,90,0,224,77.74629211,40.4,67.958
MAR,2004,43.6,97,95,0,213,91.17259979,38.6,68.272
MAR,2005,41.4,98,97,0,196,97.19748688,36.8,68.748
MAR,2006,39.2,97,95,0,182,110.22368622,35,69.157
MAR,2007,36.9,95,95,0,169,131.86448669,33.2,69.62
MAR,2008,34.8,99,96,0,158,153.23677063,31.4,70.051
MAR,2009,32.8,99,98,0,148,165.50694275,29.7,70.454
MAR,2010,30.9,99,98,0,140,168.36595154,28.1,70.821
MAR,2011,29.2,99,99,0,130,179.00019836,26.6,71.263
MAR,2012,27.5,99,99,0,121,172.04353333,25.2,71.674
MAR,2013,26,99,99,0,113,179.81974792,23.8,72.117
MAR,2014,24.5,99,99,0,106,188.6415863,22.5,72.522
MAR,2015,23.1,99,99,0,100,162.85198975,21.4,72.894
MAR,2016,21.9,99,99,0,94,162.21507263,20.3,73.228
MAR,2017,20.8,99,99,0,88,166.8500061,19.3,73.608
MAR,2018,19.9,99,99,0,83,175.70518494,18.5,73.946
MAR,2019,19.1,99,99,0,79,178.73939514,17.8,74.245
MAR,2020,18.3,99,99,0,81,192.04043579,17.1,73.133
MAR,2021,17.6,98,99,0,92,209.57344055,16.5,73.385
MAR,2022,17,98,99,0,71,201.81098938,15.9,75.161
MDG,2000,104.4,57,57,54.85,638,11.1882658,65.4,57.974
MDG,2001,99.8,60,59,65.26,611,13.13894939,62.9,58.674
MDG,2002,95.6,62,61,51.2,593,15.02957344,60.5,59.17
MDG,2003,91.6,66,65,65.3,571,17.64075851,58.3,59.693
MDG,2004,87.8,78,79,44.83,555,14.29298973,56.2,60.168
MDG,2005,84.1,85,74,34.6,540,15.9498682,54.1,60.664
MDG,2006,80.8,85,71,33.78,528,16.44085503,52.2,61.14
MDG,2007,77.6,84,81,30.68,522,19.33553123,50.3,61.533
MDG,2008,74.8,77,70,29.9,510,20.91898537,48.7,61.992
MDG,2009,72.4,77,63,44.57,507,19.56957817,47.3,62.304
MDG,2010,70.3,70,66,44.52,500,21.13975906,46.2,62.597
MDG,2011,68.6,73,62,37.08,492,22.88667488,45.2,62.86
MDG,2012,67.3,68,63,70.79,487,19.30151749,44.5,63.007
MDG,2013,66.4,70,64,63.67,481,19.33186913,44.1,63.161
MDG,2014,65.7,68,66,49.8,477,22.56570244,43.8,63.261
MDG,2015,65.3,62,60,106.98,474,22.29386139,43.6,63.362
MDG,2016,64.9,68,62,63.37,470,24.20793915,43.6,63.431
MDG,2017,64.9,65,55,77.22,469,23.62072182,43.7,63.433
MDG,2018,64.9,74,68,71.86,466,21.12731934,43.9,63.491
MDG,2019,65,69,60,71.73,462,15.50084877,44.1,63.504
MDG,2020,65.1,67,55,138.73,447,16.78295326,44.3,62.706
MDG,2021,65,55,43,166.33,467,17.17938805,44.4,62.516
MDG,2022,64.5,57,44,117.08,439,15.85809231,44.1,63.068
MLI,2000,189.9,43,49,394.98,741,14.00473022,103.1,50.605
MLI,2001,183.9,49,54,396.22,694,13.15901566,99.9,51.3
MLI,2002,177.7,61,56,405.09,649,15.89499378,96.8,51.995
MLI,2003,171.7,63,57,412.36,616,18.76944542,93.8,52.632
MLI,2004,165.8,69,63,417.89,592,21.72010231,91,53.253
MLI,2005,160.1,77,73,419.83,577,23.97353554,88.3,53.792
MLI,2006,154.6,78,68,395.08,568,26.93190002,85.8,54.305
MLI,2007,149.2,74,66,378.67,574,29.63545799,83.4,54.756
MLI,2008,144,74,71,369.17,573,33.21391678,81.1,55.187
MLI,2009,138.9,73,73,364.79,565,34.64731598,78.9,55.588
MLI,2010,133.8,73,78,373.6,558,31.36436844,76.7,55.993
MLI,2011,128.8,66,72,394.18,553,31.67968369,74.5,56.367
MLI,2012,123.9,65,67,424.29,549,27.53120613,72.4,56.696
MLI,2013,119.1,64,62,441,525,30.06661987,70.3,57.052
MLI,2014,114.4,66,65,429.54,507,35.7261734,68.2,57.482
MLI,2015,109.7,70,67,381.71,490,28.97842216,66.1,57.852
MLI,2016,105.1,76,70,374.39,472,27.58086205,64,58.286
MLI,2017,100.6,77,70,376.98,453,28.49467659,61.9,58.562
MLI,2018,96.2,76,71,377.17,434,31.16962242,59.7,58.873
MLI,2019,91.9,77,71,325.76,416,31.4089489,57.6,59.217
MLI,2020,87.6,70,62,349.39,405,28.20211601,55.4,58.858
MLI,2021,83.6,77,72,345.92,415,30.55883217,53.3,59.116
MLI,2022,79.7,75,69,346.22,381,31.0949192,51.2,60.035
MOZ,2000,164.6,70,71,473.67,547,7.00877714,106.9,49.476
MOZ,2001,155.7,73,74,489.94,473,8.53719139,100.8,50.259
MOZ,2002,147.5,76,77,494.65,398,10.00207806,95.2,50.879
MOZ,2003,139.8,85,80,483.85,360,11.036607740000001,90,51.383
MOZ,2004,132.5,83,79,459.3,321,14.12452602,85.1,51.855
MOZ,2005,125.7,80,78,442.25,301,18.40718079,80.5,52.322
MOZ,2006,118.8,78,76,417.42,298,18.05057144,76,52.748
MOZ,2007,110.7,75,75,388.02,327,19.29700851,70.1,53.255
MOZ,2008,104.4,75,77,369.61,365,24.48562622,67.4,53.799
MOZ,2009,98.3,74,80,371.47,352,27.68954468,63.9,54.4
MOZ,2010,95.6,74,82,377.94,305,26.26061249,63.6,55.04
MOZ,2011,91.1,77,82,375.99,268,30.42516136,59.8,55.733
MOZ,2012,86.5,80,83,375.23,218,35.24672699,57.1,56.46
MOZ,2013,82.9,82,83,372.38,196,41.5031395,56.1,57.189
MOZ,2014,79.7,85,83,361.47,210,43.50259018,55.1,57.965
MOZ,2015,75.8,85,83,353.67,216,40.35658646,53.8,58.711
MOZ,2016,73.3,85,83,345.21,202,31.85357285,52.8,59.455
MOZ,2017,72,85,83,333.74,187,36.75825882,51.4,60.148
MOZ,2018,70.2,85,83,331.3,159,41.29206467,50.3,60.79
MOZ,2019,68.6,85,83,323.97,134,41.01906586,49.2,61.306
MOZ,2020,67.6,71,73,320.65,123,34.92252731,48.6,61.39
MOZ,2021,65.5,56,62,312.45,180,44.09894943,47.1,60.268
MOZ,2022,63.9,55,63,304.5,104,47.69813538,45.9,63.011
MRT,2000,98,51,46,96.39,644,23.00290108,67.3,61.044
MRT,2001,93.4,75,58,93.67,616,23.28163338,64.7,61.662
MRT,2002,88.2,89,87,92.59,590,25.96999741,61.7,62.249
MRT,2003,82.8,76,84,96.01,571,29.51877594,58.5,62.805
MRT,2004,77.5,70,73,86.37,557,31.47280884,55.3,63.369
MRT,2005,72.5,71,65,84.33,536,34.00539017,52.2,63.92
MRT,2006,68.1,68,62,76.41,521,35.14922333,49.4,64.493
MRT,2007,64.3,75,67,75.8,516,40.41820145,47.2,64.885
MRT,2008,61.3,74,65,65.48,506,49.2858696,45.3,65.233
MRT,2009,58.8,64,59,32.98,500,44.64679718,43.9,65.485
MRT,2010,56.8,64,67,36.28,499,43.759655,42.7,65.661
MRT,2011,55.1,75,67,46.39,494,47.77469254,41.8,65.754
MRT,2012,53.5,80,75,24.34,496,49.2515831,41,65.808
MRT,2013,52.1,80,80,27.11,496,55.47412872,40.2,65.89
MRT,2014,50.6,81,75,56.3,484,59.39431381,39.3,66.207
MRT,2015,49.1,73,70,73.55,469,57.1233139,38.5,66.498
MRT,2016,47.7,74,73,94.53,456,49.90084076,37.6,66.823
MRT,2017,46.2,76,75,72.79,450,55.22446442,36.7,67.088
MRT,2018,44.7,77,78,79.68,437,49.68307495,35.8,67.419
MRT,2019,43.4,80,75,60.21,424,54.63365555,34.9,67.64
MRT,2020,42,81,82,64.11,413,53.89974594,33.9,66.794
MRT,2021,40.7,77,75,26.25,425,73.6309433,33,66.762
MRT,2022,39.4,85,84,57.55,385,91.54125977,32.1,68.281
MUS,2000,18.8,88,84,NA,43,115.89820862,16.5,71.6634146341463
MUS,2001,17.5,92,90,NA,42,116.36106873,15.4,71.7658536585366
MUS,2002,16.6,88,84,NA,42,132.38633728,14.6,71.9658536585366
MUS,2003,16,99,91,NA,42,157.68417358,14.1,72.1170731707317
MUS,2004,15.7,98,98,NA,43,184.74328613,13.8,72.2658536585366
MUS,2005,15.6,97,98,NA,43,192.13858032,13.7,72.4321951219512
MUS,2006,15.4,97,99,NA,45,203.24180603,13.5,72.4321951219512
MUS,2007,15.2,97,98,NA,46,229.2313385,13.3,72.5707317073171
MUS,2008,15,99,98,NA,48,312.88540649,13.2,72.5707317073171
MUS,2009,14.9,99,99,NA,51,301.67260742,13.1,72.8824390243903
MUS,2010,14.8,99,99,NA,53,357.17382813,13,72.9673170731707
MUS,2011,14.9,98,99,NA,55,385.76248169,13.1,73.2668292682927
MUS,2012,15,98,99,NA,55,387.1026001,13.2,73.8634146341464
MUS,2013,14.9,98,99,NA,58,440.00280762,13.2,74.0170731707317
MUS,2014,14.7,97,98,NA,60,544.44122314,13,74.1943902439024
MUS,2015,14.5,97,99,NA,61,515.72247314,12.9,74.3531707317073
MUS,2016,14.6,96,92,NA,62,540.39239502,13,74.3948780487805
MUS,2017,15,94,89,NA,66,594.86120605,13.3,74.5146341463415
MUS,2018,15.4,97,99,NA,67,640.62182617,13.7,74.4163414634146
MUS,2019,15.7,96,99,NA,67,639.18286133,14,74.2358536585366
MUS,2020,15.8,95,98,NA,58,541.95184326,14.1,74.1770731707317
MUS,2021,15.7,95,97,NA,80,593.77947998,14.1,73.680243902439
MUS,2022,15.5,95,98,NA,61,590.91522217,13.9,73.5146341463415
MWI,2000,171,75,73,452.55,506,8.84964848,98.9,46.17
MWI,2001,239,90,81,464.48,447,7.42542601,138.5,47.205
MWI,2002,143.2,64,69,439.55,404,11.17413807,83.8,48.176
MWI,2003,130,84,77,404.31,346,12.3155899,76.4,49.601
MWI,2004,118.7,89,80,376.52,304,15.94395351,70.1,51.073
MWI,2005,109.7,93,82,373.65,283,17.24028015,65.1,52.469
MWI,2006,102.7,99,85,359.15,286,20.95070648,61.6,53.652
MWI,2007,96.9,87,83,348.76,333,25.0216465,59.1,54.687
MWI,2008,91,91,88,359.36,430,32.73482132,56,55.715
MWI,2009,85.3,93,92,377.56,512,35.56456757,53.7,56.714
MWI,2010,80.1,93,93,389.81,517,33.99194336,51.5,57.787
MWI,2011,74,97,96,395.25,486,39.29234314,48,58.859
MWI,2012,67.9,96,90,354.96,447,32.53762817,45.1,59.87
MWI,2013,62.9,89,88,306.13,410,39.54008484,42.6,60.816
MWI,2014,60,91,85,275.05,367,35.33760452,41.1,61.651
MWI,2015,57.4,88,87,260.88,354,34.97310638,39.7,62.324
MWI,2016,55.8,84,81,260.92,312,34.0307579,39.1,63.163
MWI,2017,53.8,88,83,264.44,284,37.60110092,38.5,63.914
MWI,2018,52,92,87,270.95,267,36.70302963,38,64.464
MWI,2019,51.3,95,92,280.29,260,36.91519165,38.3,64.995
MWI,2020,50.4,94,90,283.01,256,42.37881851,38.2,65.216
MWI,2021,50,93,90,280.49,286,46.41017532,38.3,64.782
MWI,2022,50.1,86,82,285.5,239,40.03453827,38.6,66.037
NAM,2000,78.2,79,69,53.57,384,217.55029297,48,52.946
NAM,2001,77.6,78,58,69.81,376,201.46917725,46.9,51.98
NAM,2002,76.6,77,68,46.92,313,187.86433411,46,51.988
NAM,2003,75.6,79,70,44.39,290,278.70162964,45.2,51.918
NAM,2004,74.4,81,70,68.43,282,373.46408081,44.1,52.175
NAM,2005,71,86,73,41.83,344,402.20068359,41.3,52.557
NAM,2006,66,86,63,43.12,408,437.56240845,40.1,53.183
NAM,2007,62,86,69,12.9,489,493.60388184,41.4,54.026
NAM,2008,57.5,83,73,7.44,537,443.17068481,43.2,54.74
NAM,2009,53.2,83,76,3.68,547,420.74865723,44.8,55.347
NAM,2010,50.3,83,75,1.55,531,567.35003662,43.7,56.093
NAM,2011,50,82,74,1.81,498,624.59814453,44.2,56.647
NAM,2012,52.6,84,76,3.13,439,606.36633301,46.9,57.733
NAM,2013,50.8,89,82,4.39,402,539.41345215,45.8,58.468
NAM,2014,50,88,83,14.05,369,452.2585144,44.9,59.311
NAM,2015,51.8,92,85,7.99,307,476.50784302,45.3,60.008
NAM,2016,51.4,85,75,16.55,250,409.78051758,45.3,60.81
NAM,2017,49.8,88,80,44.81,213,447.95223999,44.3,61.661
NAM,2018,48.5,89,82,24.55,198,457.6807251,43.8,62.579
NAM,2019,46.6,87,80,2.71,175,419.14828491,42.8,63.546
NAM,2020,44.8,93,90,9.32,143,370.81643677,41.6,64.071
NAM,2021,43.2,94,91,9.56,254,449.95172119,40.4,60.85
NAM,2022,41.6,84,89,7.38,127,418.53683472,38.8,64.19
NER,2000,227.9,34,37,359.24,845,9.04467964,108.3,49.172
NER,2001,217.4,36,39,350.71,843,9.68088055,104.1,49.872
NER,2002,205.9,39,41,327.87,835,10.84433079,99.4,50.645
NER,2003,194.1,41,43,298.92,813,12.55038452,94.4,51.545
NER,2004,182.4,43,45,302.78,790,14.06374931,89.5,52.402
NER,2005,171.4,45,47,310.49,764,18.67140198,84.9,53.32
NER,2006,161.6,52,53,307.39,737,19.9213028,80.8,54.223
NER,2007,153.1,58,60,315.37,704,20.96952438,77.3,55.063
NER,2008,146,67,66,351.76,669,24.86141586,74.5,55.852
NER,2009,140.3,71,69,377.45,647,24.54927635,72.4,56.487
NER,2010,136,70,67,410.05,621,23.47736168,70.9,57.08
NER,2011,132.7,75,69,424.02,585,24.84123039,70,57.6
NER,2012,130.3,73,75,427.97,554,22.71487427,69.5,57.987
NER,2013,128.3,75,80,416.72,526,24.61338997,69.2,58.364
NER,2014,126.8,82,80,410.12,497,25.09494019,69.1,58.693
NER,2015,125.4,84,85,404.9,473,25.96905327,69.1,58.85
NER,2016,124.3,80,76,389.33,450,22.68474007,69.2,59.228
NER,2017,123.1,85,82,367.77,433,29.09627533,69.3,59.524
NER,2018,121.9,79,77,349.75,420,30.61364555,69.3,59.765
NER,2019,120.8,81,79,332.56,406,31.89424324,69.3,60.031
NER,2020,119.5,81,79,330.78,388,35.75537109,69.1,59.89
NER,2021,118,82,80,304.18,396,35.39406204,68.7,59.542
NER,2022,116,84,65,305.14,361,26.50681686,68,60.398
NGA,2000,177.3,29,33,401.79,1136,17.15887642,94.9,47.143
NGA,2001,170.5,27,32,394.49,1130,17.96053314,91.8,47.549
NGA,2002,163.9,25,30,381.75,1117,17.53752899,88.6,48.02
NGA,2003,157.4,29,34,382.09,1090,37.91439438,85.6,48.618
NGA,2004,151.4,33,37,390.12,1075,42.81798172,82.7,49.148
NGA,2005,145.8,36,41,395.9,1060,52.24337006,80,49.538
NGA,2006,140.9,40,44,398.57,1067,63.63072205,77.7,49.876
NGA,2007,136.5,42,41,400.61,1063,66.90659332,75.6,50.381
NGA,2008,132.5,53,53,402.01,1081,77.45053101,73.8,50.748
NGA,2009,129.2,63,64,389.96,1088,65.71811676,72.3,51.08
NGA,2010,126.3,56,56,363.36,1094,73.008255,71.1,51.315
NGA,2011,123.8,53,53,339.51,1108,80.2377243,70,51.49
NGA,2012,121.6,36,41,316.22,1124,87.89523315,69.1,51.688
NGA,2013,119.9,39,42,297.83,1146,97.29588318,68.5,51.827
NGA,2014,118.7,43,42,287.7,1155,102.39888763,68.1,51.94
NGA,2015,117.8,42,42,283.81,1168,92.91207123,68,51.939
NGA,2016,117.4,53,48,284.83,1155,75.52328491,68.1,52.189
NGA,2017,117.2,55,54,288.98,1142,70.31814575,68.3,52.397
NGA,2018,117.2,61,56,291.07,1118,63.60244751,68.7,52.669
NGA,2019,117.4,66,58,293,1091,67.6254425,69.1,53.009
NGA,2020,117.4,62,60,304.37,1065,67.91384888,69.5,53.072
NGA,2021,117.6,61,56,299.27,1046,81.87322235,69.9,53.455
NGA,2022,117.5,59,51,299,1016,89.62958527,70.2,54.079
RWA,2000,184.2,90,74,180.43,885,9.00399399,108.1,47.798
RWA,2001,166.5,77,69,171.34,769,7.86746025,98.4,49.49
RWA,2002,149.1,88,69,156.99,677,7.32393837,88.7,51.262
RWA,2003,132.7,96,90,139.22,551,17.25927353,79.5,53.529
RWA,2004,117.5,89,84,122.34,460,20.23413277,71.1,55.52
RWA,2005,104.5,95,89,152.06,465,25.02086639,64,56.968
RWA,2006,93.4,99,95,150.06,494,27.1564312,58.1,58.342
RWA,2007,84.1,97,94,88.02,494,33.50738907,53.2,59.504
RWA,2008,76,97,92,69.73,454,39.94568634,49.1,60.641
RWA,2009,69.1,97,95,153.74,418,43.99641418,45.7,61.813
RWA,2010,63.3,97,95,104.65,393,47.96871567,42.6,62.804
RWA,2011,58.1,97,95,36.94,358,51.64939499,39.3,63.476
RWA,2012,54.2,98,97,59.69,331,57.26393127,37.4,64.189
RWA,2013,51.4,98,95,109.49,317,47.75388718,35.9,64.651
RWA,2014,49.2,98,97,202.3,301,50.63835144,34.7,65.088
RWA,2015,47.3,98,96,308.04,292,48.81296921,33.9,65.419
RWA,2016,45.8,98,95,410.08,278,43.54212189,33.2,65.733
RWA,2017,44.7,98,97,711.44,275,40.76682663,32.7,66.14
RWA,2018,43.7,97,99,477.57,269,42.11674881,32.2,66.354
RWA,2019,42.7,98,96,385.35,261,39.81322098,31.7,66.691
RWA,2020,41.6,91,94,213.12,252,45.15266418,31.3,66.953
RWA,2021,40.6,88,87,118.74,254,51.64677429,30.9,66.85
RWA,2022,39.7,98,99,85.57,234,57.83102036,30.5,67.528
SDN,2000,102,62,58,89.72,645,13.99440289,70.5,58.946
SDN,2001,98.6,66,58,83.54,616,15.18372345,68.6,59.264
SDN,2002,95.2,60,58,65.5,588,16.70709991,66.7,59.308
SDN,2003,91.9,69,65,60.42,593,22.58504868,64.8,58.319
SDN,2004,101.1,74,67,54.28,536,29.30404472,67.8,56.773
SDN,2005,98.8,78,69,53.25,506,37.07490158,66.4,57.226
SDN,2006,83,78,73,52.2,485,55.32660294,59.7,60.4
SDN,2007,80.4,84,79,45.08,445,81.79016876,58.2,61.442
SDN,2008,77.9,86,79,37.18,426,82.84276581,56.8,61.261
SDN,2009,75.5,81,82,34.3,382,80.00441742,55.5,62.676
SDN,2010,73.4,90,90,32.39,370,73.60398865,54.3,62.979
SDN,2011,71.3,93,87,32.03,357,80.37197876,53.1,63.181
SDN,2012,69.3,92,85,32.33,340,75.40776825,51.9,63.427
SDN,2013,67.3,93,85,33.7,327,97.4931488,50.8,63.443
SDN,2014,65.4,94,86,37.1,309,88.78498077,49.7,63.99
SDN,2015,63.5,93,87,43.25,298,93.69657135,48.4,64.375
SDN,2016,61.6,93,87,50.43,288,89.39633942,47.2,64.677
SDN,2017,59.7,95,90,56.38,277,67.75476837,45.9,65.146
SDN,2018,57.8,93,88,59.35,268,33.88366699,44.6,65.501
SDN,2019,56.1,93,90,63.16,262,31.79406929,43.4,65.803
SDN,2020,54.3,90,86,65.76,273,22.91861534,42.2,65.124
SDN,2021,52.7,84,81,70.36,305,21.69141006,41,64.46
SDN,2022,51,84,80,72.02,263,25.75139618,39.8,65.695
SEN,2000,128.9,52,48,230.37,581,21.41570663,74,57.615
SEN,2001,121.7,52,48,176.61,560,23.45893669,70.6,58.158
SEN,2002,113.2,60,54,156.98,531,26.46221161,66.4,58.912
SEN,2003,104.2,73,60,168.09,520,35.14493942,61.9,59.474
SEN,2004,95.5,87,57,129.2,501,41.94406128,57.5,60.308
SEN,2005,87.6,84,74,132.26,488,36.00606155,53.5,60.98
SEN,2006,80.8,89,80,121.53,462,38.28113556,50.1,61.801
SEN,2007,75,94,84,98.57,457,40.60185623,47.3,62.653
SEN,2008,70.1,88,77,52.18,463,49.05390167,44.9,63.201
SEN,2009,66.1,86,79,32.88,441,50.27443314,43.1,63.751
SEN,2010,62.8,89,81,60.4,436,51.38805008,41.5,64.221
SEN,2011,60,92,84,48.31,415,57.93114853,40.3,64.799
SEN,2012,57.6,91,83,53.04,405,56.61458969,39.3,65.229
SEN,2013,55.5,92,84,57.87,385,60.51578903,38.5,65.638
SEN,2014,53.7,89,80,37.65,373,61.40605545,37.8,66.001
SEN,2015,52.2,89,80,69.27,357,53.32304382,37.3,66.451
SEN,2016,50.8,93,93,45.5,345,53.90053558,36.8,66.724
SEN,2017,49.4,93,90,52.06,325,56.49185944,36.3,67.059
SEN,2018,47.9,92,86,65.83,305,64.37467957,35.7,67.379
SEN,2019,46.2,91,86,41.11,286,64.33670807,34.8,67.668
SEN,2020,44.2,83,82,35.59,252,75.16521454,33.7,67.496
SEN,2021,42.2,85,88,41.85,263,71.12162781,32.5,66.868
SEN,2022,40.1,93,87,38.1,228,63.44842529,31.2,67.788
SLE,2000,222.8,44,37,424.58,1603,17.66835022,123.4,44.834
SLE,2001,217.3,38,50,425.06,1518,19.32042122,120.8,45.448
SLE,2002,211.6,53,62,425.58,1492,22.29375267,118.2,46.174
SLE,2003,205.7,73,73,414.3,1433,21.7804718,115.4,46.784
SLE,2004,199.6,65,76,405.39,1366,23.03477859,112.4,47.485
SLE,2005,193.2,65,71,401.19,1294,26.04933357,109.3,48.306
SLE,2006,186.5,64,65,397.65,1168,29.63347244,105.9,49.547
SLE,2007,179.6,64,60,405.15,1132,31.90766907,102.3,50.024
SLE,2008,172.4,77,73,427.1,1093,37.23431396,98.6,50.693
SLE,2009,165.2,84,80,445.04,1054,39.29960632,94.7,51.312
SLE,2010,157.9,86,82,438.89,1018,37.84529114,90.8,51.927
SLE,2011,150.8,89,84,427.79,967,49.6336174,87,52.594
SLE,2012,144.1,91,86,413.44,915,51.99141312,83.4,53.159
SLE,2013,137.9,92,85,396.12,842,84.93772125,80.1,54.051
SLE,2014,135.9,83,80,380.3,821,143.60603333,77.8,54.281
SLE,2015,136.8,86,78,367.82,730,118.66024017,76.9,55.454
SLE,2016,121.8,84,85,363.56,633,84.22316742,71.3,56.937
SLE,2017,117,90,80,350.55,578,47.37737274,68.7,57.761
SLE,2018,112.4,93,87,340.61,491,44.82733536,66.3,59.059
SLE,2019,108.3,95,93,321.88,464,48.13619995,64,59.593
SLE,2020,104.4,91,87,313.11,422,47.886161800000004,61.9,59.694
SLE,2021,100.6,92,87,305.82,403,44.90049362,59.9,60.26
SLE,2022,97.1,91,90,298.19,370,41.31875229,58.1,61.275
SOM,2000,173.2,33,24,133.15,1150,NA,103.9,50.747
SOM,2001,173.2,33,20,141.04,1129,NA,103.9,50.829
SOM,2002,173.2,40,45,133.37,1121,NA,103.9,50.82
SOM,2003,173.2,40,40,132.19,1111,NA,103.9,50.721
SOM,2004,173.2,30,40,120.72,1104,NA,103.9,50.685
SOM,2005,173.2,35,35,131.66,1086,NA,103.9,50.894
SOM,2006,172.6,26,35,118.99,1085,NA,103.5,50.915
SOM,2007,170.5,40,35,95.9,1074,NA,102.5,50.885
SOM,2008,166.7,31,34,60.03,1035,NA,100.5,51.456
SOM,2009,162.4,42,43,38.1,995,NA,98.4,52.101
SOM,2010,186.7,45,46,41.12,1062,NA,112.5,48.9
SOM,2011,363.1,41,46,33.62,972,NA,217.6,32.453
SOM,2012,185.4,42,46,34.13,894,NA,112.2,49.138
SOM,2013,143.2,44,47,40.43,855,12.88169384,88.4,54.016
SOM,2014,138.6,46,48,46.61,816,13.15052128,86,54.442
SOM,2015,134.3,48,50,55.22,784,14.11613941,83.7,55.056
SOM,2016,130.2,49,51,55.25,754,11.76618958,81.5,55.283
SOM,2017,156.4,51,52,54.91,716,13.51753426,96.5,52.19
SOM,2018,136.4,53,53,56.16,727,12.7819252,85.1,54.767
SOM,2019,118.4,57,52,56.65,656,12.99074364,75,57.249
SOM,2020,114.7,55,52,56.5,655,12.79912567,72.9,57.095
SOM,2021,111,62,58,55.35,726,15.01879692,70.9,55.703
SOM,2022,143.1,71,69,54.67,622,16.31684875,89.2,53.931
SSD,2000,180.1,NA,NA,344.59,1658,NA,118.2,47.591
SSD,2001,171.1,NA,NA,344.91,1580,NA,113.6,48.55
SSD,2002,162.2,NA,NA,339.69,1521,NA,109,49.394
SSD,2003,153.7,NA,NA,329.78,1199,NA,104.5,52.324
SSD,2004,145.8,NA,NA,315.5,1150,NA,100.2,53.052
SSD,2005,138.4,NA,NA,305.86,1074,NA,96.2,53.965
SSD,2006,131.5,NA,NA,292.76,1005,NA,92.3,54.653
SSD,2007,124.9,NA,NA,274.8,933,NA,88.6,55.425
SSD,2008,118.7,NA,NA,268.1,858,NA,85,56.28
SSD,2009,112.7,NA,NA,271.12,823,NA,81.5,56.848
SSD,2010,107.2,NA,NA,275.62,776,NA,78.2,57.485
SSD,2011,102.3,61,62,281.33,770,NA,75.3,57.674
SSD,2012,98.9,63,59,278.4,755,NA,73.2,58.241
SSD,2013,97.2,53,57,276.1,771,NA,72.2,58.285
SSD,2014,182.6,50,54,271.04,1216,NA,118.2,45.625
SSD,2015,240.8,46,52,269.31,1436,NA,151.3,39.757
SSD,2016,272.9,45,51,265.71,1629,NA,169.8,36.72
SSD,2017,292,52,56,277.3,1662,28.05690956,181.5,35.351
SSD,2018,133.7,59,61,276.3,913,31.12328529,92.9,51.905
SSD,2019,96.7,61,65,285.93,745,35.18021774,71.9,58.129
SSD,2020,96.7,67,69,281.6,729,47.40253067,71.9,57.648
SSD,2021,96.7,69,74,276.82,749,34.78803635,71.9,57.047
SSD,2022,96.7,73,72,274.78,704,48.03352737,71.9,57.203
STP,2000,82.2,82,69,222.02,180,49.63587952,50.7,61.207
STP,2001,76.7,92,75,287.52,178,47.14751816,47.4,61.5
STP,2002,71.1,92,85,337.42,179,50.61143494,44.1,61.826
STP,2003,65.7,94,87,277.32,178,71.20994568,40.9,62.158
STP,2004,60.5,96,91,294.77,177,71.05591583,37.8,62.56
STP,2005,55.7,97,88,112.22,181,80.13071442,34.9,62.434
STP,2006,51.1,97,85,31.07,177,57.2040329,32.1,63.041
STP,2007,46.9,97,86,14.27,174,59.71631241,29.6,63.336
STP,2008,43.1,99,93,36.01,174,64.58831787,27.3,63.448
STP,2009,39.5,98,90,34.76,172,64.90551758,25.2,63.669
STP,2010,36.2,98,92,17.3,170,60.94829941,23.2,63.867
STP,2011,33.2,96,91,45.47,164,69.45979309,21.3,64.122
STP,2012,30.4,96,92,66.25,158,86.29039001,19.6,64.505
STP,2013,27.9,97,91,47.85,150,124.59179688,18.1,64.93
STP,2014,25.5,95,92,8.91,138,118.70980835,16.6,65.478
STP,2015,23.3,96,93,10.27,128,85.37828827,15.2,66.023
STP,2016,21.3,96,93,10.99,119,109.73142242,14,66.563
STP,2017,19.6,95,90,10.82,110,117.07767487,12.9,67.074
STP,2018,18.2,95,95,13.97,100,108.87628937,12,67.602
STP,2019,17.1,95,95,11.47,95,106.86884308,11.3,68.043
STP,2020,16.1,96,86,8.89,92,159.84396362,10.8,67.979
STP,2021,15.3,97,77,12.25,98,187.06524658,10.3,68.026
STP,2022,14.7,92,82,17.54,82,139.02836609,9.9,69.237
SWZ,2000,112.5,84,92,2.7,361,76.93126678,71.7,47.627
SWZ,2001,115.7,84,93,4.74,307,75.41345978,72.6,46.344
SWZ,2002,117,85,93,2.26,331,74.66481781,73.1,45.38
SWZ,2003,117.9,85,93,1.15,392,131.40959167,73.7,44.632
SWZ,2004,118,86,93,1.91,451,175.89544678,73.2,43.906
SWZ,2005,117,86,93,0.92,529,217.26066589,72.2,43.958
SWZ,2006,106.4,87,93,0.51,511,237.50752258,63,44.563
SWZ,2007,100.3,87,94,0.28,647,252.24301147,63.7,45.16
SWZ,2008,97.9,88,94,0.19,766,265.72091675,66.1,45.853
SWZ,2009,92.4,88,94,0.34,855,279.68212891,63.8,46.913
SWZ,2010,82.1,89,94,0.86,752,343.04284668,60.4,48.331
SWZ,2011,67.6,91,87,1.21,765,365.25265503,55.3,49.057
SWZ,2012,62.7,95,88,1.3,613,340.03012085,56,50.714
SWZ,2013,59.7,98,97,2.3,491,303.40438843,55.4,52.11
SWZ,2014,60,98,97,1.22,369,282.43395996,56.5,53.491
SWZ,2015,57.5,90,89,0.99,283,250.71520996,54.1,54.941
SWZ,2016,54.4,90,89,0.78,213,226.41770935,51.3,56.228
SWZ,2017,53.6,90,89,1.36,151,265.50152588,51.1,57.574
SWZ,2018,50.4,90,85,2.1,133,292.33929443,47.7,58.707
SWZ,2019,51.5,90,81,0.76,96,320.05084229,47.6,59.85
SWZ,2020,50.5,83,76,0.7,102,236.99609375,47.3,59.862
SWZ,2021,47.9,77,80,1.49,219,297.72213745,46.2,58.228
SWZ,2022,47.3,97,83,0.63,112,284.75802612,45.9,63.028
SYC,2000,13.8,98,97,NA,45,340.23703003,11.8,72.7780487804878
SYC,2001,13.8,96,95,NA,43,334.48275757,11.9,73.2536585365854
SYC,2002,13.7,99,98,NA,45,340.82293701,11.9,71.0878048780488
SYC,2003,13.8,99,99,NA,47,394.09664917,12,71.0292682926829
SYC,2004,13.8,99,99,NA,52,444.24789429,12,72.6609756097561
SYC,2005,13.8,99,99,NA,50,457.77093506,12.1,72.1317073170732
SYC,2006,13.8,99,99,NA,51,487.17950439,12.2,72.2170731707317
SYC,2007,13.9,99,99,NA,52,428.61749268,12.3,73.1439024390244
SYC,2008,13.9,99,99,NA,51,367.36502075,12.4,73.1634146341463
SYC,2009,14,99,97,NA,51,310.96310425,12.5,73.0829268292683
SYC,2010,14.1,99,99,NA,50,449.52416992,12.6,73.1975609756098
SYC,2011,14.2,99,99,NA,50,457.16436768,12.7,72.7243902439024
SYC,2012,14.3,98,98,NA,49,562.99871826,12.8,74.2756097560976
SYC,2013,14.4,98,97,NA,48,545.24871826,12.9,73.119512195122
SYC,2014,14.5,99,99,NA,46,588.18261719,13.1,73.2292682926829
SYC,2015,14.6,97,98,NA,46,566.96704102,13.2,74.2951219512195
SYC,2016,14.7,96,97,NA,47,673.19622803,13.3,74.309756097561
SYC,2017,14.7,97,99,NA,47,667.09515381,13.4,74.3
SYC,2018,14.8,99,96,NA,49,685.10827637,13.5,72.8414634146341
SYC,2019,14.8,99,99,NA,48,675.47839355,13.6,74.0463414634146
SYC,2020,14.8,97,97,NA,51,670.88684082,13.6,77.2365853658537
SYC,2021,14.7,94,94,NA,74,629.85974121,13.5,73.3975609756097
SYC,2022,14.5,97,98,NA,89,707.34448242,13.4,74.509756097561
TCD,2000,182.4,38,28,272.13,1208,10.07452297,101.7,47.937
TCD,2001,179,26,26,276.62,1204,11.64042854,99.9,48.306
TCD,2002,175.6,25,25,243.18,1199,18.01737785,98,48.36
TCD,2003,172.3,23,23,240.34,1170,18.0202446,96.2,48.609
TCD,2004,168.8,22,16,237.39,1167,27.74994278,94.3,48.687
TCD,2005,165.4,26,27,241.27,1189,31.27608871,92.4,48.86
TCD,2006,161.8,41,39,242.2,1220,33.8651123,90.4,48.747
TCD,2007,158.1,29,31,236.14,1240,34.0423584,88.3,49.21
TCD,2008,154.3,19,27,237.86,1264,36.89921951,86.2,49.503
TCD,2009,150.5,26,36,245.1,1285,34.82435226,84.1,49.828
TCD,2010,146.7,40,46,244.66,1284,35.26005936,82,50.107
TCD,2011,142.9,33,54,228.36,1264,37.35868073,79.9,50.426
TCD,2012,139.3,40,63,215.47,1245,36.20247269,77.8,50.765
TCD,2013,135.8,39,57,208.02,1216,38.59413528,75.9,51.051
TCD,2014,132.3,36,45,212.01,1198,42.16276169,74,51.141
TCD,2015,128.7,42,46,215.03,1176,33.82092285,72.1,51.32
TCD,2016,125,41,37,214.3,1133,31.96038055,70.2,51.603
TCD,2017,121.4,41,37,217.09,1085,29.9935894,68.3,51.875
TCD,2018,117.6,47,41,224.99,1020,31.2043705,66.4,52.447
TCD,2019,114,53,40,217.22,958,30.23690224,64.6,52.993
TCD,2020,110.6,55,45,208.74,877,37.73088074,62.9,53.082
TCD,2021,107.3,62,53,206.65,869,37.59156799,61.3,53.136
TCD,2022,103.9,66,54,209.09,775,40.17007446,59.6,54.528
TGO,2000,119.2,64,58,445.12,496,13.0541811,70.8,54.587
TGO,2001,115.7,50,40,441.75,478,13.04282379,68.8,54.757
TGO,2002,112.2,59,48,450.6,447,14.65135479,66.7,55.044
TGO,2003,108.8,72,68,466.21,431,17.7094574,64.8,55.312
TGO,2004,105.5,71,70,478.67,431,18.62999153,62.9,55.608
TGO,2005,102.4,82,70,481.51,434,20.9699707,61.1,55.931
TGO,2006,99.3,84,78,474.94,453,22.74487495,59.4,56.154
TGO,2007,96.5,82,71,447.26,448,22.34309769,57.7,56.395
TGO,2008,93.7,81,63,396.33,457,26.89384079,56.1,56.663
TGO,2009,90.9,78,66,343.15,471,28.3035717,54.5,56.94
TGO,2010,88.3,83,68,318.53,497,30.54597664,53,57.24
TGO,2011,85.6,85,72,310.57,501,34.41139603,51.4,57.624
TGO,2012,82.9,84,72,336.21,506,35.40290833,49.8,57.953
TGO,2013,80.2,84,72,369.59,500,39.56414795,48.3,58.356
TGO,2014,77.7,84,77,368.98,490,41.96416092,46.8,58.776
TGO,2015,75.2,82,75,372.35,470,46.92110825,45.4,59.23
TGO,2016,72.8,82,73,368.57,460,50.878349300000004,44,59.677
TGO,2017,70.4,84,78,351.15,443,51.5464592,42.6,60.145
TGO,2018,68.1,82,73,322.45,435,52.43610382,41.4,60.608
TGO,2019,66,86,78,289.98,416,48.85387421,40.2,61.061
TGO,2020,63.9,85,75,283.92,398,52.75213242,39.1,61.14
TGO,2021,62,87,77,279.51,397,52.72237015,38,61.337
TGO,2022,60,86,79,278.59,362,55.79545593,37,62.292
TUN,2000,29.2,97,95,NA,56,111.01378632,23.9,72.604
TUN,2001,27.2,98,92,NA,55,114.00454712,22.7,72.822
TUN,2002,25.5,96,94,NA,53,124.64620972,21.6,73.07
TUN,2003,24,95,90,NA,52,148.93447876,20.5,73.304
TUN,2004,22.7,97,95,NA,50,167.27586365,19.7,73.519
TUN,2005,21.6,98,96,NA,49,169.84550476,18.9,73.712
TUN,2006,20.7,99,98,NA,48,178.82592773,18.2,73.888
TUN,2007,20,98,98,NA,46,202.32022095,17.7,74.039
TUN,2008,19.4,99,98,NA,45,230.50152588,17.2,74.192
TUN,2009,19,99,98,NA,44,231.3591156,16.9,74.32
TUN,2010,18.7,98,97,NA,44,240.75447083,16.7,74.438
TUN,2011,18.5,98,96,NA,44,270.67507935,16.5,74.471
TUN,2012,18.4,97,96,NA,43,270.29055786,16.4,74.599
TUN,2013,18.3,98,94,NA,43,284.64538574,16.3,74.674
TUN,2014,18.3,98,98,NA,42,287.60955811,16.1,74.784
TUN,2015,18.2,98,98,NA,40,249.46418762,16,74.875
TUN,2016,18.1,98,96,NA,39,240.40258789,15.8,75.007
TUN,2017,17.9,98,98,NA,38,223.85903930999999,15.5,75.177
TUN,2018,17.5,97,96,NA,38,215.418396,15.1,75.37
TUN,2019,16.9,98,98,NA,37,212.60031128,14.4,75.599
TUN,2020,16,97,98,NA,40,250.40145874,13.5,75.004
TUN,2021,15,97,95,NA,65,285.25247192,12.5,72.893
TUN,2022,13.9,97,95,NA,38,276.46380615,11.5,76.05
TZA,2000,128,79,78,334.61,568,12.33031845,85.2,53.244
TZA,2001,120.3,87,86,318.45,493,15.1739912,80.3,54.124
TZA,2002,112.4,89,89,297.33,454,17.0355854,75.3,54.94
TZA,2003,105,95,97,278.65,397,20.39437675,70.6,55.929
TZA,2004,98.3,95,94,264.95,365,23.4493866,66.3,56.836
TZA,2005,92.2,90,91,251.68,350,27.71374512,62.3,57.675
TZA,2006,86.7,90,93,225.72,366,35.59762955,58.9,58.512
TZA,2007,81.3,83,90,197.89,453,36.23610306,55.5,59.26
TZA,2008,76.6,86,88,174.56,511,36.26182556,53,59.896
TZA,2009,72,85,91,155.42,502,33.9993782,50.3,60.494
TZA,2010,68.2,91,92,145.56,486,37.18493271,48.3,61.127
TZA,2011,64.6,90,93,132.97,475,37.75179672,46.4,61.618
TZA,2012,61.7,92,97,121.45,448,41.99654007,44.8,62.286
TZA,2013,59,91,99,131.8,479,43.46931839,43.5,62.788
TZA,2014,56.3,97,97,146.36,454,39.85456848,42.1,63.364
TZA,2015,54.3,96,95,141.8,433,33.27184296,40.8,63.928
TZA,2016,52,92,83,134.05,396,36.65267563,39.3,64.404
TZA,2017,49.8,90,90,123.18,345,39.03767014,37.5,64.963
TZA,2018,47.6,89,88,111.48,319,41.27171326,35.9,65.488
TZA,2019,45.6,91,89,116.09,292,39.97783661,34.5,66.007
TZA,2020,43.8,91,87,123.35,160,31.7036171,33.2,66.771
TZA,2021,41.7,86,80,133.33,162,37.53121185,32.1,66.131
TZA,2022,40.1,87,84,132.39,152,35.93323135,30.9,66.879
UGA,2000,143.9,52,57,482.77,475,16.42602158,89.3,49.64
UGA,2001,137.2,55,59,508.43,440,15.99579906,85.5,50.576
UGA,2002,129.9,57,62,501.62,416,15.74441719,81.2,51.443
UGA,2003,122.1,59,64,479.36,395,14.23364067,76.6,52.414
UGA,2004,114.2,62,66,442.78,384,18.60707474,71.9,53.699
UGA,2005,106.5,64,68,426.27,417,25.86819267,67.3,54.926
UGA,2006,99.2,64,75,425.62,409,31.60310555,63,56.118
UGA,2007,92.5,73,75,417.91,345,36.10126495,58.9,57.248
UGA,2008,86.4,71,70,417.7,324,40.04308701,55.3,58.253
UGA,2009,81.2,79,77,422.8,322,44.3670578,52.7,59.157
UGA,2010,76,80,73,405.97,304,51.88574982,49.9,59.959
UGA,2011,70.9,82,75,382.9,295,55.2076683,47,60.791
UGA,2012,66.5,83,80,349.79,285,55.03918457,44.4,61.579
UGA,2013,62.8,84,83,310.27,308,52.906353,42.9,62.353
UGA,2014,60.2,85,85,292.11,311,50.957798,41.6,63.057
UGA,2015,57.9,89,79,288.7,299,40.09843445,40.3,63.831
UGA,2016,55.6,93,79,281.02,272,39.08125305,39.1,64.494
UGA,2017,54,94,83,276.51,246,31.43818092,38.1,65.174
UGA,2018,52.7,93,86,269.21,232,32.9515686,37.3,65.775
UGA,2019,51.6,93,87,250.82,219,33.36559677,36.9,66.354
UGA,2020,50.9,89,89,255.66,209,44.733818050000004,36.6,66.41
UGA,2021,50.2,91,90,268.61,216,51.03484726,36.4,66.45
UGA,2022,50,89,90,266.58,184,44.47286224,36.5,67.675
ZAF,2000,71.4,73,72,3.86,175,236.08114624,46.5,58.368
ZAF,2001,74.5,71,69,5.57,192,202.81065369,47.2,57.161
ZAF,2002,77,70,65,3.26,225,179.5135498,47.6,55.58
ZAF,2003,79.2,69,62,2.78,245,286.01998901,48.3,54.245
ZAF,2004,80.7,74,63,2.73,259,362.28662109,48.7,53.963
ZAF,2005,79.8,81,64,1.57,279,400.5355835,47.7,53.914
ZAF,2006,76.9,84,69,2.42,283,417.91174316,46,54.22
ZAF,2007,71.2,85,68,1.25,272,455.17498779,44,54.948
ZAF,2008,63.7,82,73,1.53,272,442.10626221,41,55.982
ZAF,2009,56.9,81,77,1.17,241,487.62774658,38.2,57.413
ZAF,2010,50.3,77,72,1.54,226,621.41906738,36,58.886
ZAF,2011,45.6,75,77,1.86,202,686.87243652,34.5,60.602
ZAF,2012,43.1,71,79,1.23,194,646.49920654,33.3,61.737
ZAF,2013,41.4,81,78,1.58,180,593.80157471,32.1,62.388
ZAF,2014,39.7,85,84,2.11,162,539.30780029,30.7,63.184
ZAF,2015,38.2,85,86,0.87,150,491.90652466,29.3,64.053
ZAF,2016,36.8,85,84,0.75,141,456.56936646,28,64.749
ZAF,2017,35.7,84,81,4.06,134,527.52026367,26.8,65.422
ZAF,2018,34.9,82,81,1.63,128,558.80145264,25.8,65.726
ZAF,2019,34.3,85,83,0.81,119,538.80438232,25.1,66.071
ZAF,2020,33.9,84,84,0.74,118,503.46759033,24.5,65.15
ZAF,2021,34,86,87,0.48,191,592.9465332,24.3,62.01
ZAF,2022,34.3,85,86,0.33,129,570.48028564,24.3,65.454
ZMB,2000,151.8,85,85,360.33,340,14.80953312,89.3,46.577
ZMB,2001,143.2,85,84,379.23,306,18.94953918,84.6,47.408
ZMB,2002,132.9,84,84,369.96,274,23.19246864,78.7,48.461
ZMB,2003,122.1,83,84,348.03,250,26.75762367,72.3,49.616
ZMB,2004,111.7,83,85,300.89,260,29.99057961,65.8,50.54
ZMB,2005,102.7,82,85,262.52,264,44.99598694,60.2,51.615
ZMB,2006,94.8,81,85,225.93,262,58.68175507,56.4,52.693
ZMB,2007,89.1,80,93,194.66,324,51.02414322,54.3,53.73
ZMB,2008,84.2,87,87,171.62,394,61.82287216,52.1,54.835
ZMB,2009,78.4,94,90,166.78,406,59.38909531,50.2,55.886
ZMB,2010,74.3,83,96,169.92,332,59.98767853,48.6,56.896
ZMB,2011,71.8,81,83,181.12,291,64.3181076,47.4,57.843
ZMB,2012,69.2,78,82,206.15,256,69.17604828,46.1,58.704
ZMB,2013,66,79,80,228.03,213,83.29361725,44.5,59.445
ZMB,2014,62.6,86,85,237.47,174,65.39261627,43,60.109
ZMB,2015,60.2,90,90,237.78,154,57.38765335,42.4,60.728
ZMB,2016,57.1,95,97,229.08,158,55.39532089,40.6,61.129
ZMB,2017,55.2,94,96,220.1,141,70.93283844,38.8,61.564
ZMB,2018,54.7,90,94,222,117,69.82767487,37.7,62.138
ZMB,2019,53.5,88,93,223.85,103,85.02349854,36.1,62.914
ZMB,2020,52.5,84,96,234.25,99,60.01779938,35.7,63.361
ZMB,2021,50.4,91,90,240.98,140,74.83802795,35.6,62.363
ZMB,2022,49.5,92,88,246.1,89,75.40128326,35.4,65.279
ZWE,2000,99.4,78,75,102.59,405,NA,58.3,46.034
ZWE,2001,96.3,75,73,102.59,467,NA,58.3,44.525
ZWE,2002,93.8,71,70,102.59,418,NA,58.7,45.938
ZWE,2003,91.9,68,68,102.59,455,NA,59.5,45.373
ZWE,2004,91.2,65,66,102.59,451,NA,61.7,46.043
ZWE,2005,91.6,68,67,102.59,454,NA,64.5,46.57
ZWE,2006,87.6,70,68,102.59,480,NA,65.9,47.056
ZWE,2007,90.6,73,69,167.62,519,NA,68.8,47.576
ZWE,2008,91.1,75,70,67.51,526,NA,69.8,48.456
ZWE,2009,89.8,73,76,73.82,540,NA,69.8,49.75
ZWE,2010,85.2,89,90,104.38,567,94.44809723,67.4,51.925
ZWE,2011,77.2,93,92,67.45,564,83.82868195,64.2,53.911
ZWE,2012,68,95,97,54.46,558,85.69155121,58.8,55.386
ZWE,2013,62.6,95,93,78.27,525,96.86148834,56.6,56.842
ZWE,2014,59.8,91,92,97.71,468,111.61201477,54.7,58.106
ZWE,2015,59.2,87,86,94.12,428,103.31652832,54.7,58.989
ZWE,2016,57.5,90,95,66.16,411,102.15909576,54.3,59.76
ZWE,2017,56.7,89,90,114.7,389,91.87199402,54.2,60.263
ZWE,2018,56.3,89,88,53.61,386,114.76815033,54.4,60.906
ZWE,2019,58.6,90,85,65.09,388,55.10725403,55.8,61.06
ZWE,2020,61.7,86,85,94.3,380,51.14250565,57.8,61.53
ZWE,2021,62.4,88,88,27.54,446,60.89874268,59.8,60.135
ZWE,2022,64,90,90,28.9,368,68.90727997,61.6,62.36
